{"cameraMode":{"drawMode":0,"name":"Shaded","section":"Shading Mode"},"sceneLighting":true,"audioPlay":false,"sceneViewState":{"showFog":true,"showMaterialUpdate":false,"showSkybox":true,"showFlares":true,"showImageEffects":true,"showParticleSystems":true},"in2DMode":false,"pivot":{"x":2.9447529315948488,"y":-12.04800796508789,"z":67.63086700439453},"rotation":{"x":-0.10958967357873917,"y":0.00954587385058403,"z":-0.0009831793140619994,"w":-0.9939810633659363},"size":40.97317886352539,"orthographic":false}